User ID,Completed,Group Name,Group,Date,Grouping,PCA Group,Group_High_Score,Group_High_1,Group_High_2,Group_High_3,Individ_High_1,Individ_High_2,Individ_High_3,Individ_Sentence,Ease of task,Safety,Listen,Productive,Generosity,Learning,Attention,Emotion,Risk Tolerance,Decision Making,Effort,Fairness,Focus,New ideas,Express opinions,Supportive,Help when stuck,Listening,Talk too much,Average Qual Coding,Race/Ethnicity,Where are you *based*? ğŸŒ,What is your *age*? ğŸ‚,Where were you *born*? ğŸ‘¶,Do you *identify as an immigrant* to your country of residence? âœˆï¸,Do you *identify as a person of minority sexual orientation* and/or gender identity? ğŸ³ï¸â€ğŸŒˆ,What *gender* do you most identify with at this time?,"How many *years of education* have you completed, counting from the first year of primary/elementary school? ğŸ“",*How many parent(s) and/or legal guardian(s) did you live with* when you were a child,Think about one of your parent(s)/guardian(s) who you lived with when you were a child. *Which of the following options best describes their education level compared to yours?*,Think about *another* parent/guardian you lived with when you were a child. *Which of the following options best describes their education level compared to yours?*,What is your *proficiency with the English* language? ğŸ’¬,Are you *proficient in a language(s) that is NOT English*? ğŸŒ,"You said yes, *specify which language (s)*","If yes, *when did you learn* this language? ğŸ‘ª",What *type of organization* do you work for? ğŸ‘”,Other,"ğŸ’¼ Management, business, and finance",ğŸ–¥ï¸Computer and mathematical,âš™ï¸Architecture and engineering,"ğŸ”¬Life, physics, and social sciences",ğŸ‘©â€ğŸ‘©â€ğŸ‘§ Community and social service,âš–ï¸ Legal,"ğŸ“– Education, training, and library","ğŸ¨ Art, design, entertainment, sports, & media",ğŸ¥ Healthcare practitioners and technicians,ğŸ’Š Healthcare service support,Other,"Please list your *current or your most recent* position title, or describe your position in a few words  ğŸ‘©â€ğŸ’»",*How long* have you been working at this organization? â³,"*Do you make key decisions* for your current organization, such as those related to hiring, major financial transactions, and/or large-scale strategy? ğŸ‘©â€ğŸ«",Describe the *type of decisions?* ğŸ“ˆ,"In your current role, *how often do you engage in cross-group* or interdepartmental communication and/or collaborations? ğŸ¤","In your opinion, *how important is empathy* among individuals you work closely with at your organization? ğŸ¤—","In your opinion, *how important is diversity* (e.g., racial/ethnic, gender, age, political affiliations, etc.) within an organization? ğŸ¤","In your opinion, *how important are creativity and innovation* within an organization? ğŸ’¡","In your opinion, *how important is psychological safety* within an organization? ğŸ’­","In your professional context, *how interested are you in the topic of public health concerns* regarding the Covid-19 pandemic? ğŸ’‰","In 2-3 sentences, please *describe your attitudes towards COVID-19 vaccination*. ğŸ’‰",*How comfortable are you with working in groups* of people you may not know? ğŸ‘¥ğŸ‘¥,*Do you enjoy professional networking* events? ğŸ¤,How *likely* are you to *connect with other professionals* following a networking event? ğŸ“§,I am interested in learning about how to be more effective at work.,I am interested in connecting with people with various backgrounds and experiences.,I want to learn how to handle conflict at work.,I want to understand how empathy can improve work culture.,I want to contribute to generating innovative social solutions.,*How frequently did you personally experience positive emotions while working with your group?*,How frequently *do you think other members experienced positive emotions* while working with your group?,How frequently *did you personally experience negative emotions* while working with your group?,How frequently *do you think other members experienced negative emotions* while working with your group?,Group Member 1,Group Member 2,Group Member 3,Group Member 4,Group Member 1,Group Member 2,Group Member 3,Group Member 4,How frequently *did you agree with the values* and beliefs *of the most dominant speaker*?,How frequently *did you agree with the values* and beliefs *of the majority of the group*?,How frequently *did you feel as though you had to compromise* on your own values and beliefs to go along with what the group wanted? ğŸ¤,How frequently did you *feel as though your opinions counted* during the discussion? ğŸ¤”,"Overall, how would you *classify the teamwork in your group*? ğŸ‘©â€ğŸ”¬ğŸ‘¨â€ğŸ”¬",*How frequently did conflict arise* in your group?,"If conflict did arise in your group, *was your group able to resolve the conflict* and move on? ğŸ•Šï¸","If conflict did arise in your group, *did the conflict contribute to a productive discussion* that impacted the final solution? ğŸ˜Œ",Diverse,Engaged,Trustworthy,Supportive_post,Open to different opinions,Bored,Secretive,Friendly,Tense,Anxious,Guilt,Outside-of-the-box,Fun,Quiet,Appreciation,Courage,Helpful,Awkward,Gratitude,Expressive,Empathy,Confident,Uncompromising,Problem-solving,Curiosity,Fair,Stubborn,Other,Rate your *overall agreement with the solution*(s) your group came up with ğŸ‘Œ,*How creative or innovative* do you think your group solution was? ğŸ’¡,*How inclusive* of all group memberâ€™s perspectives do you think your group solution was?,*How empathetic* do you think your group solution was?,How will the group solution to vaccinating the US be applicable to vaccinating the rest of the world?,"You said {{field:70ddd8e1-c479-4e9d-a454-2dff96b08980}}, why is this solution applicable to a global context?","*How interested* are you in the* topic of Covid-19 vaccination*, after participating?* ğŸ’‰*","Going back to the Pymetrics assessment of your thinking styles that you took before this Zoom meeting, what were your thoughts?","Any feedback about the Pymetrics assessment (e.g., experience of taking it, results given, etc.?)","*How likely are you to connect,* through any professional social media-based platform (e.g. LinkedIn), email and/or phone with other group members? âœ‰ï¸",*How likely are you to take what you learned* from this Forbes Ignite group experience to your current or future workplace? ğŸ’¼,*What are your key take-away points* from this Forbes Ignite experience? âœï¸,*Do you have any suggestions* for social innovation topics that Forbes Ignite could explore? âœï¸
1,TRUE,443168,8,30-Apr,Homogenous,0,,,,,Listening,,,Our qualitative analysis found that you provided a lot of new information to the group through the incorporation of new ideas with mainstream culture.,4,5,5,4,0.384153931,-0.244998841,1.013668178,-0.021215723,0.698497744,2.299875864,1.146234247,-0.992128047,0.939728164,4,4,4,3,5,1,4,Southeast Asian/ Indonesian,Canada ğŸ‡¨ğŸ‡¦,29,Indonesia ğŸ‡®ğŸ‡©,0,No,Man,22,2,Less years of schooling,Less years of schooling,6,1,Chinese,Adolescence/Adulthood (age 13 or older),School,,,,,"ğŸ”¬Life, physics, and social sciences",,,,,,,,Graduate student researcher,5,0,,4,5,5,5,5,4,"Vaccination is definitely the ultimate way to combat the current pandemic situation. Public cooperation could boost the efficiency of the vaccination, thus accelerates the eradication of the pandemic.",5,3,5,1,1,0,0,1,,,,,,,,,,,,,,,,,,,,,0,0,0,0,0,0,0,0,0,0,0,0,0,0,0,0,0,0,0,0,0,0,0,0,0,0,0,0,,,,,,,,,,,,,
2,TRUE,443163,3,30-Apr,Diverse,0,,Ease of task,Listen,,Express opinions,,,"Our qualitative analysis found that you were vocal and ethusiastic in expressing your experimental marketing ideas, and very expressive and humorous in your contributions.",4,3,4,3,0.310607054,-2.05297983,-1.172394301,-0.212804738,0.268087341,0.157585398,0.470956587,-1.457985454,-0.503287468,3,5,2,2,3,4,3,W,United States ğŸ‡ºğŸ‡¸,52,United States ğŸ‡ºğŸ‡¸,0,No,"Non-binary, Two-Spirit, Third Gender, gender-fluid, and/or genderqueer",19,2,Less years of schooling,Less years of schooling,10,0,,,Self-employed,,,,,,,,"ğŸ“– Education, training, and library","ğŸ¨ Art, design, entertainment, sports, & media",,,,Director,4,1,Everything,4,5,5,5,5,5,It is a good thing.,1,3,5,0,0,1,0,0,6,6,2,2,Group Member 1,Group Member 2,Group Member 3,,Group Member 1,,,,5,5,2,6,5,2,Yes,Yes,0,1,0,1,1,0,0,1,0,0,0,1,1,0,1,1,0,0,0,1,0,1,0,1,1,0,0,0,5,5,6,5,3,,5,I found it somewhat useful,"I thought the analysis was very interesting, and somewhat aligned with feedback I've received in the past from other sources.",2,4,"Small groups work best, hearing all opinions no matter how I feel personally is valuable, flexibility helps",Free daycare (or pre-K) for all children
3,TRUE,443163,3,30-Apr,Diverse,1,,Ease of task,Listen,,Supportive,Help when stuck,Listening,"Our qualitative analysis found that you were able to keep the group on track in terms of timing, were practical and grounded in your assumptions, and were an effective mediator.",4,3,4,3,0.376352178,-0.176344093,-1.17394559,-0.269664352,-1.182434239,-1.396549543,-1.975959845,0.838495972,0.005391055,4,4,4,4,5,1,4.2,W,United States ğŸ‡ºğŸ‡¸,37,United States ğŸ‡ºğŸ‡¸,0,No,Woman,20,2,Equal years of schooling,More years of schooling,10,0,,,Not-for-profit,,"ğŸ’¼ Management, business, and finance",,,,,,"ğŸ“– Education, training, and library",,,,,Grants Accountant,2,0,,3,5,5,5,5,5,"It's an important step to get the world back on track on a number of levels, and it is key to roll it out safely, but also as quickly as possible to as many people as possible.",4,2,4,1,1,0,0,0,6,6,4,3,Group Member 1,Group Member 2,,,Group Member 1,,,,4,5,3,5,5,2,Yes,Yes,0,1,0,1,1,0,0,1,0,0,0,1,1,0,0,0,0,0,0,1,0,0,0,1,0,0,0,0,6,5,6,5,4,"IT's about taking an experiential marketing approach, that is flexible depending on what different groups might be attracted to.",5,I found it minimally useful,"Honestly not really remembering the results. If we were supposed to review them just before this session, then I missed that reminder. But some of the games I had done before and thus they were familiar. I took them over several sessions rather than all at once. Some were more stressful than others.",6,5,"A few suggestions were uncomfortable for me, but forced me to be more creative and I wanted my ideas to be heard.","Microaggressions: understanding and recognizing them. Inclusivity, and what that looks like."
4,TRUE,443167,7,30-Apr,Diverse,1,Your group's final solution to the Case Study was rated in the top 4 (out of 17 teams) by an expert panel.,Ease of task,,,Supportive,Help when stuck,Listening,Our qualitative analysis found that you were able to use your previous knowledge from your professional career to aid in formulating a solution.,5,5,1,4,0.432540768,-0.449955805,0.943946879,-0.886194148,-0.910234398,-0.072054091,-1.674744571,0.987428054,-0.183601938,3,4,5,5,5,1,4.4,Caucasian,United States ğŸ‡ºğŸ‡¸,28,United States ğŸ‡ºğŸ‡¸,0,Yes,Woman,19,2,Less years of schooling,Less years of schooling,10,1,Tagalog (Filipino),Adolescence/Adulthood (age 13 or older),For-profit (company),,"ğŸ’¼ Management, business, and finance",,,,,,,"ğŸ¨ Art, design, entertainment, sports, & media",,,,Marketing manager at a bank,1,0,,4,5,5,5,5,3,I believe it is essential to controlling and mitigating the current pandemic. I am eager to receive the vaccine as soon as it is available to me.,5,2,2,1,1,0,1,1,6,5,3,3,,Group Member 2,Group Member 3,,,,Group Member 3,,6,6,1,6,5,1,,,1,1,1,1,1,0,0,1,0,0,0,1,1,0,1,0,1,0,1,1,1,0,0,1,1,0,0,0,6,4,6,5,3,,5,I found it somewhat useful,I found it interesting.,6,6,"Have more collaborative brainstorming sessions with a time crunch. It was so fun and productive, and I feel that my team would benefit from doing this activity in a macro setting more often.",How would you reform our carceral system?
5,TRUE,443168,8,30-Apr,Homogenous,0,,,,,Supportive,Help when stuck,Listening,Our qualitative analysis found that you greatly supported others ideas and made others feel comfortable through your sense of humor.,4,5,5,4,0.061021747,-3.839661432,0.92156085,1.266538897,-0.496091036,1.862588317,-1.221129734,0.830192,-0.123468361,4,5,5,5,5,2,4.8,Black African,United States ğŸ‡ºğŸ‡¸,36,Kenya ğŸ‡°ğŸ‡ª,1,No,Woman,23,1,Less years of schooling,,10,0,,,,Multilateral agency,"ğŸ’¼ Management, business, and finance",,,"ğŸ”¬Life, physics, and social sciences",,,,,,,,Health specialist at World Bank Group - advise Governments in Europe and Asia on national health reforms.,4,0,,4,5,5,3,4,5,Accepting a safe and effective COVID-19 vaccine is a rational choice and has positive externalities if we get to herd immunity - for health and the economy.,4,2,3,0,0,0,1,1,6,6,1,1,Group Member 1,Group Member 2,,,Group Member 1,,,,4,5,3,6,5,1,,,0,1,0,1,1,0,0,1,0,0,0,0,1,0,0,0,0,0,0,1,0,0,0,0,0,0,0,0,6,4,6,4,2,,5,I found it somewhat useful,"None, although it is an interesting assessment",6,6,Diversity in a group definitely adds a lot of value to reach a creative solution. Although we don't have enough time in the case study,Communication strategy for global warming issue
6,TRUE,443166,6,30-Apr,Diverse,0,Your group's final solution to the Case Study was rated in the top 6 (out of 17 teams) by an expert panel.,Listen,Productive,,,,,Our qualitative analysis found that you supported the group by being proactive with the technical challenges during the exercise.,4,4,5,5,-0.276684473,-0.307143326,-0.507419615,-1.055396136,0.550919527,-0.606334019,0.379436486,-1.080523434,-0.333296486,4,3,2,3,3,1,3,White,United States ğŸ‡ºğŸ‡¸,51,United Kingdom ğŸ‡¬ğŸ‡§,1,No,Man,18,1,Less years of schooling,,10,0,,,Self-employed,,"ğŸ’¼ Management, business, and finance",,,,,,,,,,,Founder and Chief Operating Officer,5,1,"HR, financing, marketing, operations",4,5,5,5,5,3,I think its essential for public health and economic growth,5,3,5,1,1,0,0,1,5,5,1,3,Group Member 1,,Group Member 3,,,,Group Member 3,,6,6,1,6,4,1,,,1,1,1,1,1,0,0,1,0,0,0,0,1,0,1,0,1,0,0,1,0,1,0,1,1,0,0,0,6,4,6,5,4,The effectiveness of communication is ubiquitous,4,I found it minimally useful,Useful perspective,4,1,"The importance of collaboration, staying in the realms of what's possible to accomplish and staying focused",Bullying
7,TRUE,443176,6,1-May,Homogenous,1,,,,,Express opinions,Supportive,Listening,Our qualitative analysis found that you frequently affirmed your group members' contributions and shared your opinions and personal experiences to drive the conversation.,3,3,4,3,0.641490575,-0.169726989,0.77922352,-0.076972606,-0.8927035,-0.713189901,-1.208088982,0.841775591,-0.936799095,4,5,5,4,5,3,4.6,White,United States ğŸ‡ºğŸ‡¸,29,United States ğŸ‡ºğŸ‡¸,0,No,Man,16,2,I do not know,I do not know,10,0,,,For-profit (company),,,ğŸ–¥ï¸Computer and mathematical,,,,,,,,,,Lead Developer,8,1,no idea,2,3,3,4,5,3,I really don't have a major opinion.,1,1,2,1,0,0,0,0,5,5,2,2,Group Member 1,Group Member 2,Group Member 3,,Group Member 1,,,,5,5,4,5,4,1,,,0,0,0,1,0,0,0,0,0,0,0,0,0,0,0,0,0,0,0,0,0,0,0,0,0,0,0,0,5,4,5,4,5,"Solution was based on commanalities across the world of appealing to authority, affinity, popularity and social inclusion to drive more and more to accept the vaccine",3,I found it minimally useful,Interesting in mostly a conversation starter type of way,4,4,It's possible to quickly form groups to work positively toward a goal.,Nothing at this time
8,TRUE,443173,3,1-May,Diverse,1,Your group's final solution to the Case Study was rated in the top 3 (out of 17 teams) by an expert panel.,Listen,,,,,,,2,2,4,2,0.325157463,-0.662082239,0.507826688,0.62401283,0.051757253,-0.228291537,1.073712485,0.821040755,0.157143993,2,3,3,3,3,1,2.8,White,United States ğŸ‡ºğŸ‡¸,48,United States ğŸ‡ºğŸ‡¸,0,No,Man,20,2,Equal years of schooling,,10,0,,,Not-for-profit,,,ğŸ–¥ï¸Computer and mathematical,,,,,,"ğŸ¨ Art, design, entertainment, sports, & media",,,,"Senior Manager, User Experience. I lead a team of researchers and designers to build online learning applications.",13,1,"Hiring, Software tools, vendor licenses",5,5,5,5,5,4,I will get the vaccine as soon as I am eligible. I hope others who do the same to the best of their abilities.,5,2,4,0,1,0,1,1,5,4,1,2,,,Group Member 3,,,,Group Member 3,,5,6,2,6,5,1,,,0,1,0,1,1,0,0,1,0,0,0,1,0,0,1,0,1,0,0,0,0,0,0,1,1,1,0,0,6,4,6,6,5,Social media touches all corners of the earth and could potentially be harnessed for good in this way.,5,I found it somewhat useful,NA,5,5,Rapid ideation; Diversity of Opinions; Accessible brainstorming method,"Extreme poverty (e.g., access to light sources in Indian slums)"
9,TRUE,443164,4,30-Apr,Diverse,1,Your group's final solution to the Case Study was rated in the top 4 (out of 17 teams) by an expert panel.,,,,New ideas,,,Our qualitative analysis found that you were able to generate new ideas and were efficient in keeping your group on task.,4,3,2,2,0.231440815,0.264932522,-0.196618607,0.784568823,0.425297293,-1.21854859,-2.207147156,0.846685184,-0.204546254,4,5,2,2,2,5,3,Caucasian,United States ğŸ‡ºğŸ‡¸,39,Belarus ğŸ‡§ğŸ‡¾,0,No,Woman,15,2,Equal years of schooling,Equal years of schooling,9,1,"Russian, Belarusian, German",Childhood (age 12 or younger),For-profit (company),,"ğŸ’¼ Management, business, and finance",ğŸ–¥ï¸Computer and mathematical,,,,,,,,,,Senior Director,5,1,"Strategy, partnerships, hiring, technology",5,5,4,5,5,4,"I think the vaccination is obligatory, tough I might question  the effectiveness of particular vaccines judging by available clinical data.",5,2,4,0,1,0,0,1,6,6,1,1,Group Member 1,Group Member 2,Group Member 3,,Group Member 1,Group Member 2,Group Member 3,,6,6,2,6,5,1,,,0,1,1,1,1,0,0,0,0,0,0,0,0,0,0,0,0,0,0,0,0,0,0,0,0,0,0,0,6,5,6,6,4,Could scale this to other countries and segments,5,I found it very useful,Really interesting,6,5,Interesting and out of the box solutions,Need more time to think about this
10,TRUE,4431610,10,30-Apr,Homogenous,1,,,,,New ideas,Supportive,Help when stuck,Our qualitative analysis found that you took leadership within the group and contributed to the harmony of the group.,5,5,5,5,0.200782564,-0.676658727,0.625806157,-1.354624512,-1.107489763,-0.744908674,-1.334384707,0.163192509,0.149560948,5,5,5,5,5,1,5,White Canadian,Canada ğŸ‡¨ğŸ‡¦,44,Canada ğŸ‡¨ğŸ‡¦,0,No,Woman,14,2,More years of schooling,Less years of schooling,9,0,,,For-profit (company),,"ğŸ’¼ Management, business, and finance",,,,,,,,,,,National sales manager Walmart Canada for skincare and colour cosmetics,2,1,Team strategy and customer p and l decisions,5,5,4,5,5,5,I am just waiting for my age group to,5,3,5,1,1,0,0,1,5,6,2,2,,Group Member 2,Group Member 3,Group Member 4,,Group Member 2,,Group Member 4,6,6,2,6,5,1,,,0,1,0,1,1,0,0,1,0,0,0,1,1,0,1,0,0,0,0,0,1,0,0,1,1,1,0,0,6,4,6,6,2,,5,I found it very useful,This was great! I think my group was on the same page as to how we fundamentally think and this allowed us to dive right in and work out solutions while making sure everyone was heard and valued.,6,6,"How a task is approached, and the type or person that approaches it will greatly influence the outcome",Not at this time
11,TRUE,443177,7,1-May,Homogenous,2,,Ease of task,Listen,Productive,Listening,,,Our qualitative analysis found that you contributed to the inclusivity of the solution and were skilled at bringing in different conditions and scenarios to consider.,5,5,5,4,0.565958204,0.556110418,0.122825766,-1.383459346,-0.509346692,0.507438883,0.662168753,0.827703232,0.039442803,3,5,4,3,4,2,3.8,W,United States ğŸ‡ºğŸ‡¸,51,United States ğŸ‡ºğŸ‡¸,0,No,Woman,17,2,More years of schooling,Equal years of schooling,10,1,spanish,Adolescence/Adulthood (age 13 or older),For-profit (company),,"ğŸ’¼ Management, business, and finance",,,,,,,"ğŸ¨ Art, design, entertainment, sports, & media",,,,Business Manager,1,1,marketing strategy,5,5,4,4,5,5,"I believe in vaccinations and will be getting vaccinated as soon as it is ""my turn"". Vaccinations are an important tool towards opening the economy back up.",5,2,4,1,1,0,1,0,5,4,1,1,Group Member 1,Group Member 2,Group Member 3,,,Group Member 2,,,5,6,1,6,5,1,,,1,1,1,1,1,0,0,0,0,0,0,1,0,0,0,0,0,0,0,0,0,1,0,1,0,1,0,0,6,4,6,4,5,"It includes kids, it can be applied to kids around the world. It also tries to address skepticals problems, which can be adopted to anyone with negative feelings about the vaccines.",5,I found it somewhat useful,"I am glad I was in this team, probably the test did a good job!",5,2,"it's fascinating that a group of complete unknowns can work together in half an hour to develop some ideas and trying to solve global issues. It means to me if the team is selected correctly, solving big problems wouldn't be so difficult.","You probably have considered environmental issues, global warming, CO2 emissions...."
12,TRUE,443165,5,30-Apr,Diverse,2,,,,,Supportive,Help when stuck,Listening,Our qualitative analysis found that you contributed to streamlining ideas and expressing compromise.,1,3,3,3,-0.671925019,-0.627071062,1.180493037,-1.477344309,1.175340198,0.991936927,0.272315613,0.508587642,0.954399558,3,3,4,4,4,2,3.6,Caucasian,United States ğŸ‡ºğŸ‡¸,31,United States ğŸ‡ºğŸ‡¸,0,No,Man,17,2,Less years of schooling,Less years of schooling,10,0,,,For-profit (company),,"ğŸ’¼ Management, business, and finance",,âš™ï¸Architecture and engineering,,,,,,,,,Chief Innovation Officer,6,1,"HR, technology, strategy, etc.",3,5,3,5,5,1,"I plan to get vaccinated ASAP.  Happy that many elderly, including my parents, will likely survive the pandemic now.",5,3,5,1,1,1,1,1,6,5,1,2,Group Member 1,,,,,Group Member 2,,,6,6,2,5,3,1,,,1,1,0,0,1,0,0,0,0,0,0,0,1,0,0,0,1,0,0,1,0,0,0,1,1,1,0,0,5,4,3,6,5,It can be implemented in the same manner in different countries.,5,I found it very useful,It is good to see the pymetrics perspective,4,6,Developing a strategy to promote vaccinations in a diverse team,Psychiatric health/mental health in the pandemic
13,TRUE,443162,2,30-Apr,Diverse,0,,Safety,Ease of task,,Supportive,,,Our qualitative analysis found that you contributed new ideas and presented relevant solutions to the case study.,5,5,4,3,-1.518891838,-0.358736804,-1.08887963,-0.334065666,0.079177583,0.020646543,0.510546738,-0.019460577,0.753176234,3,5,4,3,3,5,3.6,Caucasian,United States ğŸ‡ºğŸ‡¸,41,United States ğŸ‡ºğŸ‡¸,0,No,Man,18,2,Less years of schooling,Less years of schooling,10,0,,,Government,,"ğŸ’¼ Management, business, and finance",ğŸ–¥ï¸Computer and mathematical,,,,,,,,,,Chief Information Officer,20,1,"IT, Data, Innovation",5,5,5,5,5,5,COVID vaccination is a necessary step to fully reopening the economy and providing opportunity for everyone to re-engage in society. I plan to take the vaccine as soon as I am eligible.,5,3,5,0,0,0,0,1,6,5,3,2,Group Member 1,Group Member 2,Group Member 3,,Group Member 1,Group Member 2,Group Member 3,,5,5,1,6,4,1,,,0,1,0,1,1,0,0,1,0,0,0,1,1,0,1,0,1,0,0,0,0,0,0,1,1,0,0,0,6,5,6,5,5,It is based on community members driving local solutions and thus can respond to different contexts.,5,I found it somewhat useful,It was fun and I believe it will be helpful to me in the future.,2,5,It is fun to work with passionate people. It takes openness and respect to fully benefit from everybody's perspective.,Mentorship for young people to meet their life/career goals.
14,TRUE,443169,9,30-Apr,Homogenous,2,,Listen,Productive,,Supportive,Listening,,Our qualitative analysis found that you supported the group by taking initiative in note taking. One area of growth that we identified was open communication in exchanging new ideas and/or offering your thoughts for the group discussion.,4,4,5,5,0.47548363,-0.725288566,-0.311269443,-1.422380642,2.186749121,-1.011234735,1.048389393,-2.230345702,0.412635898,1,2,4,2,4,1,2.6,White American,United States ğŸ‡ºğŸ‡¸,40,United States ğŸ‡ºğŸ‡¸,0,No,Woman,18,2,Equal years of schooling,Less years of schooling,10,0,,,For-profit (company),,"ğŸ’¼ Management, business, and finance",,,,,,,"ğŸ¨ Art, design, entertainment, sports, & media",,,,Project Manager,3,1,"HR, operations, contract, public relations",5,5,4,5,5,5,"I think vaccination is necessary to create a baseline of relative  safety in our local, national, and international communities.  Ideally, this will mitigate the impact of the virus as the public health community maps a long-term strategy for treating the virus in the years to come, including possible variants.",1,3,4,0,0,0,0,1,5,5,5,4,Group Member 1,Group Member 2,Group Member 3,,Group Member 1,,,,4,5,3,5,4,4,Somewhat,Somewhat,0,1,0,0,0,0,0,0,0,0,0,0,1,0,0,0,0,1,0,0,0,0,0,1,0,0,0,0,5,4,5,4,3,,5,I found it minimally useful,"The challenges were fun and brought out my competitiveness. However, I was not sure if I agreed with all of the assessments as some seemed to be making a broad assumption based on a single, narrow task.",2,3,"This group of strangers was very polite to one another which may have limited some openness. In addition, the short time available made it difficult to establish trust and order to the chaos of quick brainstorming and decision making. I was thinking more about the circumstances than any diversity in our approaches, save for a dominant male voice over 2 women in the group.",Climate advocacy and changes to behaviors that impact climate negatively.
15,TRUE,443162,2,30-Apr,Diverse,2,,Safety,Ease of task,,,,,Our qualitative analysis found that you presented new ideas and linked your concerns with those of other group members.,5,5,4,3,0.317201414,2.910878268,1.083517039,-0.781326315,3.467978616,0.575571247,-0.250353733,0.948830667,1.60377206,2,2,3,2,3,1,2.4,Caucasian,United States ğŸ‡ºğŸ‡¸,39,Finland ğŸ‡«ğŸ‡®,1,No,Man,21,2,Less years of schooling,Less years of schooling,9,1,"Finnish, Swedish",Childhood (age 12 or younger),Not-for-profit,,"ğŸ’¼ Management, business, and finance",,,,,,"ğŸ“– Education, training, and library",,,,,Chief Innovation Officer,4,1,"HR, strategy, data",5,5,5,5,5,4,They are a great benefit for the world and I am concerned about equity as well as efficiency in their use.,5,3,4,1,1,0,1,1,5,5,2,2,Group Member 1,Group Member 2,,,Group Member 1,,,,5,5,3,5,5,3,Yes,Yes,0,1,0,1,1,0,0,1,0,0,0,1,1,0,1,0,1,0,1,1,0,1,0,0,0,0,0,0,6,5,6,6,4,It focuses on local - which local is local everywhere...,4,I found it minimally useful,I am not a game player (being older) so it was not that much fun...,5,5,Interesting... not sure where it is going or how to help now...,Developing inner city/poverty area businesses...
16,TRUE,4431610,10,30-Apr,Homogenous,1,,,,,Supportive,Listening,,Our qualitative analysis found that you expressed openness to different ideas.,5,5,5,5,2.280094026,-1.003724002,0.951361742,-0.249029885,-0.822069926,-0.666214673,-0.087320678,-0.235836072,0.150690182,3,3,5,3,5,1,3.8,White American,United States ğŸ‡ºğŸ‡¸,29,United States ğŸ‡ºğŸ‡¸,0,Yes,Man,17,2,Less years of schooling,Less years of schooling,10,0,,,Government,,,,âš™ï¸Architecture and engineering,"ğŸ”¬Life, physics, and social sciences",,,,,,,,Environmental Sustainability Technician,11,0,,1,5,5,5,5,3,I believe it to be properly vetted by science. I will be vaccinated as soon as I am able.,5,3,5,1,1,0,0,0,6,6,1,1,,Group Member 2,Group Member 3,Group Member 4,,,,Group Member 4,5,6,1,6,5,1,,,0,1,1,1,1,0,0,1,0,0,0,1,1,0,1,0,1,0,0,1,1,1,0,1,1,1,0,0,1,5,6,6,5,"We were fortunate enough to have a member of our group from Canada, so we were able to share and create ideas that were applicable beyond the US",5,I found it minimally useful,"I had intended to review them prior to this session, but a work issue came up. I think if I had reviewed them prior to the experiment (if there was time built in the experiment to review our assessment) that would have been helpful.",5,5,Working with complete stranger is something I rarely do. That was really interesting!,Global warming
17,TRUE,443161,1,30-Apr,Diverse,0,,Listen,,,New ideas,,,Our qualitative analysis found that you expressed new viewpoints and perspectives when presented with a discussion topic.,1,3,4,2,0.356608503,0.264149831,-0.545647145,-0.015672487,0.81471757,0.406337676,1.86878779,-0.560556968,-0.034936076,4,3,2,2,3,5,2.8,Caucasian,United States ğŸ‡ºğŸ‡¸,71,United States ğŸ‡ºğŸ‡¸,0,No,Woman,19,2,Less years of schooling,Less years of schooling,10,0,,,Not-for-profit,,,,,"ğŸ”¬Life, physics, and social sciences",,,,,,,,Senior social scientist,6,1,Hiring.  Funding,4,4,5,5,5,5,The vaccine needs to be made more widely available. All should be encouraged to get vaccinated.  Access has not been available to all based on age and race.,4,2,4,0,1,0,0,1,2,3,5,4,,Group Member 2,,,,Group Member 2,,,6,4,2,4,2,4,Somewhat,Somewhat,0,0,0,0,0,0,0,0,0,0,0,0,0,0,0,0,0,1,0,0,0,0,0,1,0,0,1,0,4,3,4,5,4,the general concept holds true: who do we need to reach and how should we reach them; measure response and adjust accordingly,4,I found it somewhat useful,no,1,3,"My partner HAD to be a plant to test my patience, of which I had very little. It was a very frustrating experience. I almost exited half way through it. I tried to be kind and tactful but at one point I just powered through to get to the end result. I am not proud of where we landed. I wish we had been provided more time. I would have liked to be able to edit the slide directly to actually see the end product. My partner didn't seem concerned at all with an end product.","DE&I, improving gender inequality in the workplace"
18,TRUE,443163,3,30-Apr,Diverse,2,,,,,Supportive,Help when stuck,Listening,Our qualitative analysis found that you were driven by an equity and culture-informed lens in contributing to the case study solution.,4,3,4,3,1.744343158,-0.105999026,1.049750187,-0.440307383,-1.381987672,0.551910604,0.445487196,0.746437294,1.183042218,4,4,4,5,5,1,4.4,W,United States ğŸ‡ºğŸ‡¸,55,United States ğŸ‡ºğŸ‡¸,0,No,Woman,16,1,Less years of schooling,,10,0,,,Not-for-profit,,"ğŸ’¼ Management, business, and finance",,,,,,"ğŸ“– Education, training, and library",,,,,"Manager, individual contributor on a product team",11,0,,5,5,5,5,5,4,I trust the vaccines and the process for developing them.,4,2,3,1,1,0,0,1,,,,,,,,,,,,,,,,,,,,,0,0,0,0,0,0,0,0,0,0,0,0,0,0,0,0,0,0,0,0,0,0,0,0,0,0,0,0,,,,,,,,,,,,,
19,TRUE,443177,7,1-May,Homogenous,0,,Ease of task,Listen,Productive,Supportive,Express opinions,Help when stuck,Our qualitative analysis found that you helped other group members incorporate their ideas and form a cohesive dynamic. Your group had honest exchanges of different and complimentary ideas to which you constructively developed action plans.,5,5,5,4,-1.345490443,0.038040547,0.753317101,-0.026218936,0.293851462,-0.177534168,-0.149081367,-1.239047608,1.225269735,5,5,5,5,5,2,5,W/Arican American,United States ğŸ‡ºğŸ‡¸,56,United States ğŸ‡ºğŸ‡¸,0,Prefer not to answer,Woman,24,2,Equal years of schooling,Less years of schooling,10,0,,,Not-for-profit,,"ğŸ’¼ Management, business, and finance",,,,,,"ğŸ“– Education, training, and library",,,,,Executive Director of the Wellesley Centers for Women and Professor and Chair of the the Africana Studies Department at Wellesley College,9,1,"Strategy related, economic, hiring",5,4,5,4,5,4,I favor universal vaccination and plan to get vaccinated,5,2,4,0,0,0,0,1,5,5,2,2,Group Member 1,Group Member 2,Group Member 3,,,Group Member 2,Group Member 3,,5,5,2,6,5,1,,,1,1,1,1,1,0,0,1,0,0,0,1,0,0,1,0,1,0,0,1,0,0,0,0,0,1,0,0,6,4,6,6,5,"There are children all over the world, so our first solution related to children is universally applicable. Also, there is diversity of vaccine skeptics all over the world, to tuning in to that diversity and using personal relationships with relevant influencers over time would likely work in any context, in any culture.",5,I found it very useful,"It helped me understand my strengths and weaknesses in a group context, as well as my strengths and weaknesses related to leadership. I was aware of that information while participating in the group exercise.",2,4,That the principles of consultation that I learned in the Baha'i Faith through Ruhi Book 10.1 were the most useful things to keep the group cohesive and help us move along to good ideas efficiently and inclusively.,Ending racism
20,TRUE,443165,5,30-Apr,Diverse,0,,,,,Supportive,,,Our qualitative analysis found that you supported the group by being proactive in recording the ideas of other group members.,1,3,3,3,-0.21164395,1.628066346,-0.698460463,-0.16271832,-1.238392428,2.217701644,1.922031705,-0.250987141,-0.135566026,2,2,4,3,3,1,2.8,African American,Canada ğŸ‡¨ğŸ‡¦,33,Nigeria ğŸ‡³ğŸ‡¬,1,No,Woman,20,2,Less years of schooling,Less years of schooling,10,1,French,Adolescence/Adulthood (age 13 or older),Not-for-profit,,"ğŸ’¼ Management, business, and finance",,,,ğŸ‘©â€ğŸ‘©â€ğŸ‘§ Community and social service,,,,,,,Executive Director at a non-profit organization,6,1,"I make strategy-related decisions that define my current organization's fundraising approach, organizational direction and fiscal management.",4,5,5,5,5,5,"I'm happy we have vaccines for COVID-19 and that frontline workers are prioritized but I keep asking myself ""at the rate of vaccination and distribution, when will the vaccine become free and available in developing countries? I have mixed feeling when it comes to getting vaccinated. On one hand, I am open to taking COVID-19 vaccination because it will build my immunity but on the other hand, it is difficult to know possible side effects.",5,3,4,0,1,0,0,1,5,5,1,1,Group Member 1,Group Member 2,Group Member 3,,Group Member 1,Group Member 2,Group Member 3,,5,5,1,5,5,1,,,1,1,1,1,1,0,0,1,0,0,0,0,0,0,1,0,1,0,0,1,0,1,0,1,0,1,0,0,5,4,6,6,5,"If effective, it would be a good starting point for other communications strategies globally",4,I found it somewhat useful,no comment,5,5,"Candidate selection was good (at least for my team), interesting idea to use games to measure thinking styles, hopefully the results of this study can be used in a practical way in the workplace to improve HR",no
21,TRUE,443171,1,1-May,Diverse,2,,Listen,,,Listening,,,Our qualitative analysis found that you supported the group by contributing several ideas and builing off of others' suggestions.,2,3,4,3,0.199941025,-0.649652121,1.080808617,-0.909261011,0.509203279,-0.420130072,0.15365451,0.375275577,1.017829818,3,3,3,3,4,1,3.2,White American,United States ğŸ‡ºğŸ‡¸,29,United States ğŸ‡ºğŸ‡¸,0,No,Woman,16,"More than 2, please specify the number ___",Less years of schooling,Less years of schooling,10,0,,,Self-employed,,"ğŸ’¼ Management, business, and finance",,,,,,,,,,,Co-Founder and Chief Operating Officer,1,1,"HR, strategy, finance",3,5,5,5,5,5,"The distribution and availability of the covid-19 vaccine has been poor, especially for minority populations (POC, rural, poor). We need the vaccine, but the governments and healthcare organizations responsible for distribution have a long way to go to earn community trust and achieve majority immunity.",5,3,5,1,1,0,0,1,4,4,5,5,Group Member 1,Group Member 2,Group Member 3,,,Group Member 2,Group Member 3,,5,6,1,6,4,1,,,0,1,0,0,1,0,0,0,0,0,0,1,0,0,0,0,1,0,0,0,0,1,0,1,0,1,0,0,5,4,6,5,4,Addresses universal issues such as the digital divide (some people don't have access or understanding of technology needed to book appointments) and systemic racism,5,I found it minimally useful,I haven't referenced it since getting the results so I would not say it has had a significant impact on me,6,6,Experiences with covid19 vaccination vary greatly by state/location; it is invigorating to connect with others and discuss important issues; covid19 is a complex issue that likely needs to be attacked from multiple angles,systemic racism
22,TRUE,443164,4,30-Apr,Diverse,0,Your group's final solution to the Case Study was rated in the top 4 (out of 17 teams) by an expert panel.,,,,Supportive,Help when stuck,Listening,Our qualitative analysis found that you were very acknowledging of other members' points of view and were able to incorporate your ideas with those of others.,4,3,2,2,0.036819065,-0.314762039,-0.790101953,0.33133857,1.392177775,-0.820396933,0.186211211,-0.638119028,-0.006176257,4,3,4,4,4,2,3.8,Caucasian,United States ğŸ‡ºğŸ‡¸,38,United States ğŸ‡ºğŸ‡¸,0,No,Woman,27,2,Less years of schooling,Less years of schooling,10,1,"Spanish, French, Russian",Adolescence/Adulthood (age 13 or older),School,,,,,,,,"ğŸ“– Education, training, and library",,,,,Director of Marketing and new program development,3,1,"Marketing and recruiting strategy, graduate program development and scheduling, recruiting management",5,5,5,5,5,4,I believe in science and will receive my shot next week!,5,3,5,1,1,0,1,1,6,5,2,2,Group Member 1,Group Member 2,Group Member 3,,Group Member 1,Group Member 2,Group Member 3,,5,6,1,6,5,2,Conflict did not arise in our group,Conflict did not arise in our group,1,1,1,1,1,0,0,1,0,0,0,0,1,0,1,1,1,0,1,1,1,1,0,1,1,1,0,0,6,4,6,6,5,"our approach was to make it culturally, demographically and geographically specific",5,I found it somewhat useful,i would love more information as well as a reminder before today's session of those results to have them fresh in my mind for the session,6,5,perspectives and experience fused together get better results every time. teamwork delivers faster and better results,education or healthcare reform
23,TRUE,443169,9,30-Apr,Homogenous,2,,Listen,Productive,,Supportive,Listening,,Our qualitative analysis found that you supported the group by expanding upon and further developing other members' ideas.,4,4,5,5,0.342737595,0.009293626,0.263498387,-0.85044888,2.620115526,0.27581639,1.061302831,0.933252344,0.458749064,3,4,4,3,4,1,3.6,White American,United States ğŸ‡ºğŸ‡¸,44,United States ğŸ‡ºğŸ‡¸,0,Yes,Woman,17,1,More years of schooling,,10,0,,,Not-for-profit,,"ğŸ’¼ Management, business, and finance",,,,,,,,,,,Project manager for educational product development,4,0,,4,5,4,5,5,2,Everyone should get it. It's a public health imperative.,2,1,2,1,0,0,1,1,6,5,3,3,Group Member 1,Group Member 2,Group Member 3,,Group Member 1,,,,6,6,3,5,4,3,Yes,Yes,0,1,0,1,1,0,0,1,0,0,0,1,0,1,1,0,1,0,0,0,0,1,0,1,1,0,0,0,5,4,6,4,3,,5,I found it somewhat useful,Appreciated the universal positive framing.,5,5,"Great ideas can emerge in a brief amount of time with incomplete information. Actual implementation would require more time & attention, but it proves that you don't need every detail to get started.",Not at this time.
24,TRUE,443166,6,30-Apr,Diverse,2,Your group's final solution to the Case Study was rated in the top 6 (out of 17 teams) by an expert panel.,,,,New ideas,Express opinions,Help when stuck,Our qualitative analysis found that you were collaborative and helped the group perservere in moments of impasse.,4,4,5,5,0.430757962,-0.036281893,0.823404105,-0.936189467,0.781655856,-0.403013906,0.250369188,0.878562635,1.168756349,5,5,5,5,5,3,5,White,United States ğŸ‡ºğŸ‡¸,44,United States ğŸ‡ºğŸ‡¸,0,No,Man,18,2,Equal years of schooling,Equal years of schooling,10,0,,,For-profit (company),,"ğŸ’¼ Management, business, and finance",ğŸ–¥ï¸Computer and mathematical,,,,,,,,,,Chief Innovation Officer,7,1,"Hiring, Economic, Strategic",5,5,5,5,5,5,"Positive next step, not the end of the journey or discussion",5,2,3,0,1,0,0,1,5,4,4,4,Group Member 1,,Group Member 3,,Group Member 1,,Group Member 3,,6,6,1,6,5,1,,,0,1,0,1,0,0,0,0,0,0,0,1,0,0,0,0,1,0,0,0,0,0,0,1,0,0,0,0,1,2,6,5,4,Many of the underlying reasons for reservation are likely similar across the globe.,5,I found it somewhat useful,"It was fun, it had general accuracy but got one major assessment wrong.",2,1,"Complexity of running large group, multi-room online event.  In that venue need to be clear about rules and expectations (camera on, not a phone, etc).","How to create the emergent social interactions that happen in the physical space, in the virtual or digital one."
25,TRUE,443161,1,30-Apr,Diverse,1,,Listen,,,Supportive,,,Our qualitative analysis found that you supported the group by taking initiative and volunteering to make note of suggestions.,1,3,4,2,0.692281941,0.174868565,0.629416033,-0.338147958,0.309037752,-1.275784951,-0.798827491,0.758641488,0.323978047,3,3,2,4,3,2,3,Caucasian,United States ğŸ‡ºğŸ‡¸,40,United States ğŸ‡ºğŸ‡¸,0,No,Man,16,2,Less years of schooling,More years of schooling,10,0,,,For-profit (company),,"ğŸ’¼ Management, business, and finance",,,,,,,,,,,Senior Vice President Chief Risk Officer,13,1,"Economic, Strategy, Risk Management",5,5,5,5,5,5,All should have access and those in the highest risk groups should receive it first. That goes for all countries. Lower risk individuals in the U.S. (or monkeys!!!!) should only get the vaccine after all high risk individuals across the globe receive it.,5,2,3,0,0,1,1,1,4,3,2,3,Group Member 1,Group Member 2,,,,Group Member 2,,,5,5,2,5,3,1,,,0,1,0,0,1,0,0,0,0,0,0,0,0,0,0,0,0,1,0,0,0,0,0,0,0,1,0,0,5,3,5,5,2,,5,I found it minimally useful,ok,2,5,planning is critical for social change,Ending gender-based violence
26,TRUE,4431612,12,30-Apr,Homogenous,1,,,,,New ideas,Help when stuck,Listening,Our qualitative analysis found that you provided logical facts and strategies which contributed to the cohesion of the group.,4,5,4,4,2.41704118,-0.220902798,-0.256124322,-0.016494664,-0.687674753,-0.727215116,-0.765155362,-1.574064838,0.131970637,4,4,4,4,4,1,4,White American,United States ğŸ‡ºğŸ‡¸,52,United States ğŸ‡ºğŸ‡¸,0,No,Man,17,2,More years of schooling,More years of schooling,10,0,,,For-profit (company),,"ğŸ’¼ Management, business, and finance",,,,,,,,,,,Director Defense Marketing and Communication,1,1,Strategic direction for marketing and communication,5,5,5,5,5,5,I'll take the vaccine when made available to my demographic.  I applaud the scientists and researchers who have developed different versions in order to mitigate further impacts from this pandemic.,5,3,5,1,0,0,0,1,5,5,1,2,Group Member 1,Group Member 2,,Group Member 4,,Group Member 2,,Group Member 4,5,6,1,6,5,1,,,1,1,1,1,0,0,0,0,0,0,0,0,0,0,0,0,0,0,0,0,0,0,0,0,0,0,0,0,6,4,5,5,5,Key influences can sway public opinion beyond borders,5,I found it somewhat useful,"I had never taken one, so the results and questions were fascinating to go through and see the why behind the assessments",5,4,Fascinating concept for developing solutions; great small group interaction; sensible approaches,Police reform
27,TRUE,443171,1,1-May,Diverse,0,,Listen,,,Listening,,,Our qualitative analysis found that you contributed several ideas and areas of interest in solving the case study. One area of growth we identified was open communication in exchanging new ideas and expressing opinions clearly in the group discussion.,2,3,4,3,0.345011671,0.689233139,0.004445051,0.325097721,0.551961168,-0.087766077,0.777947355,0.081199582,-0.675521323,2,2,3,2,4,1,2.6,South Asian ,United States ğŸ‡ºğŸ‡¸,46,Mauritius ğŸ‡²ğŸ‡º,1,No,Man,19,2,Less years of schooling,Less years of schooling,7,1,French,Childhood (age 12 or younger),Not-for-profit,,"ğŸ’¼ Management, business, and finance",,,,,,,,,,,Chief Innovation Officer at a non-profit healthcare organization,23,1,"Economic, strategy, innovation, technology",5,5,5,5,5,5,I trust the science and believe that vaccination will help reduce the spread of the virus. I would encourage as many people as possible to take the vaccines.,5,2,4,1,0,0,0,0,5,5,3,2,,Group Member 2,,,,Group Member 2,,,4,5,5,3,3,3,Yes,Somewhat,1,1,0,0,1,0,0,1,0,0,0,0,0,0,0,0,0,0,0,1,0,0,0,1,0,0,0,0,5,2,3,3,4,It targets different groups and communities,5,I found it somewhat useful,It was a good exercise,4,6,People from different places and backgrounds have very different opinions and thoughts on the vaccination process.,"It will be great to have a similar exercise for DEI (diversity, equity and inclusion)"
28,TRUE,443172,2,1-May,Diverse,1,,Safety,Productive,,New ideas,Listening,,"Our qualitative analysis found that your group had a sense of camaraderie throughout the experiment, even when you questioned each other's assumptions.",5,5,5,5,0.361489408,-0.415649761,-0.10224215,-0.210249449,-0.378605809,-0.71325398,-0.112773648,0.402212186,-0.194136741,5,4,4,4,5,2,4.4,White,United States ğŸ‡ºğŸ‡¸,35,United States ğŸ‡ºğŸ‡¸,0,No,Woman,18,2,Less years of schooling,Less years of schooling,10,0,,,For-profit (company),,"ğŸ’¼ Management, business, and finance",,,,,,,,,,,Corporate Controller,1,1,Financial and strategic decisions,5,5,5,5,5,4,I am a strong supporter of the vaccination efforts.,5,3,5,0,0,0,0,1,5,6,2,2,,Group Member 2,Group Member 3,,,Group Member 2,Group Member 3,,5,5,2,5,3,1,,,0,1,0,1,1,0,0,0,0,0,0,0,0,0,0,0,0,0,0,0,0,0,0,0,0,0,0,0,6,5,6,6,3,,5,I found it very useful,Creative!,6,6,The topic was very engaging and motivating given the realness of the problem.,Equity assessment of these plans
29,TRUE,443165,5,30-Apr,Diverse,1,,,,,New ideas,,,Our qualitative analysis found that you raised unique and important details to consider within the case study that were later formulated into the final solution.,1,3,3,3,0.456954074,-0.273013868,0.007594082,0.019391402,-0.0463491,-0.636356412,0.466019728,0.824572008,0.178229257,5,5,3,3,3,3,3.8,Caucasian,United States ğŸ‡ºğŸ‡¸,35,United States ğŸ‡ºğŸ‡¸,0,Yes,Woman,22,1,Less years of schooling,,10,0,,,"Health care (e.g. hospital, clinic, private practice)",,,,,,,,,,ğŸ¥ Healthcare practitioners and technicians,,,Provide psychiatric care,1,0,,5,5,5,5,5,5,Providing pro-vaccination education is a part of my daily life,5,2,5,0,0,0,0,1,6,5,3,4,Group Member 1,Group Member 2,Group Member 3,,Group Member 1,,,,5,5,3,6,5,2,Conflict did not arise in our group,Conflict did not arise in our group,0,1,0,1,1,0,0,0,0,0,0,1,0,0,0,0,1,0,0,1,1,1,0,1,0,0,0,0,6,5,6,6,5,The Solution has an online component which allows a global reach.,5,I found it very useful,"I had fun taking the Pymetrics assessment, it got me thinking on my toes!",6,5,"We didn't finish the first exercise because we cracked the code at the last minute and that showed me the value of time. In the next exercise, I had a timer beside me and encouraged my team to work smart. For instance, we talked about our solution and then everyone started working on the sheet at the same time. It was truly a team effort and that is my take-away ""a new ways of teaming"".",It would be nice to see a collective result of the Pymetrics and this exercise.
30,TRUE,443172,2,1-May,Diverse,2,,Safety,Productive,,New ideas,Express opinions,Help when stuck,"Our qualitative analysis found that your group had a sense of camaraderie throughout the experiment, even when you questioned each other's assumptions.",5,5,5,5,0.008433978,-0.008713619,1.05995501,-0.635613327,0.56208976,-0.026229972,1.278248717,0.677386216,0.812943101,5,5,4,5,5,3,4.8,White,United States ğŸ‡ºğŸ‡¸,40,United States ğŸ‡ºğŸ‡¸,0,No,Woman,19,2,Less years of schooling,Less years of schooling,10,0,,,For-profit (company),,"ğŸ’¼ Management, business, and finance",ğŸ–¥ï¸Computer and mathematical,,,,,,,,,,Chief Innovation Officer,15,1,strategy & new business decisions,5,5,5,5,5,4,Thankful. I appreciate the transparency in the pharmaceuticals companies are providing on their testing results and the unknowns that we still have yet to figure out when it comes to COVID. We still have a lot to understand but the current vaccines will benefit many.,5,2,4,0,1,0,0,1,5,4,1,2,,Group Member 2,Group Member 3,,,Group Member 2,Group Member 3,,5,4,1,6,4,2,Yes,Yes,0,1,0,1,0,0,0,1,0,0,0,0,0,0,0,0,0,0,0,1,0,0,0,1,0,0,0,0,6,4,6,5,3,,5,I found it minimally useful,"The assessment was a low risk environment and reflected test taking so as I reviewed the results, I thought they were accurate to that scenario. When it comes to higher stake scenarios I am not sure I agree with the results.",3,4,Brought together a diverse set of people to have divergent conversation. I would recommend a bit more structure/facilitation in the divergent and convergent approaches for future sessions,Diversity in education systems regarding arts and tech - how might these be more intersected to then allow diversity in the thought of the students and future workforce.
31,TRUE,443171,1,1-May,Diverse,1,,,,,Help when stuck,Listening,,"Our qualitative analysis found that you shared personal experiences which enhanced the background knowledge available to the group in solving the case study. One area of growth was active listening in order to create an open, inclusive atmosphere for thought exchange among team members.",2,3,4,3,0.624430049,0.008972839,0.110438966,-0.289567342,0.352501289,-1.082338685,-0.462562036,0.81987875,1.342283043,3,5,3,4,4,4,3.8,White American,United States ğŸ‡ºğŸ‡¸,29,United States ğŸ‡ºğŸ‡¸,0,Yes,"Non-binary, Two-Spirit, Third Gender, gender-fluid, and/or genderqueer",15,"More than 2, please specify the number ___",Less years of schooling,Less years of schooling,10,1,"Japanese, chinese, danish, french, spanish, italian",Adolescence/Adulthood (age 13 or older),School,,"ğŸ’¼ Management, business, and finance",ğŸ–¥ï¸Computer and mathematical,,,,,,,,,,Applications programmer analyst - software programmer,3,1,Strategy related - software used for financial and hr services,5,5,5,5,5,5,"They are a vaccine based off of other vaccine methods that have been proven to be effective against other viruses/diseases. Multiple countries would not vaccinate millions of people for nothing, and I will be getting mine when I am eligible, as well as, my children.",4,3,4,0,1,1,0,1,6,5,1,3,Group Member 1,Group Member 2,Group Member 3,,,Group Member 2,Group Member 3,,6,6,1,6,5,1,,,1,1,0,1,0,0,0,1,0,0,0,1,1,0,0,0,1,0,0,1,1,1,0,1,1,0,0,0,6,4,6,6,5,"Because everywhere you see hurdles that have to be crossed, physical locations not being accessible, regions without phones/internet and not having the ability to go far for them. Also the whole world has under 16 year olds that will eventually need the vaccine. You can't reach herd immunity if you discount and entire large subset of the population.",5,I found it somewhat useful,They were not necessarily what I had expected to come out of it.,4,5,"That you can get a random group of people and talk about a highly controversial topic and it not break down the conversation. 

That when you get individuals that want to engage in a conversation you can think through a number of plans/solutions.","Wage stagnation, Higher Education becoming a classist thing, Raising Cost of Living... etc"
32,TRUE,443175,5,1-May,Homogenous,1,Your group's final solution to the Case Study was rated in the top 2 (out of 17 teams) by an expert panel.,Productive,,,,,,"Our qualitative analysis found that you helped the team find a solution in a timely manner, and often questioned the practicality of the solutions to improve the outcome of the case study.",4,4,4,5,0.277929026,0.21855385,-0.526110706,-0.762749308,1.234806314,-0.812296141,0.228992793,0.82865485,-0.737053388,3,3,2,2,3,1,2.6,White,United States ğŸ‡ºğŸ‡¸,47,United States ğŸ‡ºğŸ‡¸,0,No,Woman,19,2,Less years of schooling,Less years of schooling,10,0,,,School,,,,,,,,"ğŸ“– Education, training, and library",,,,,Training Associate,2,0,,2,5,5,5,5,4,Vaccination is a key component of a larger public health strategy for mitigating the risks of COVID-19.,5,3,4,0,0,0,0,1,6,6,1,2,Group Member 1,Group Member 2,Group Member 3,,Group Member 1,,,,5,5,1,6,5,2,Yes,Yes,0,1,1,1,1,0,0,1,0,0,0,0,1,0,0,0,0,0,0,1,0,1,0,1,1,0,0,0,6,4,6,5,4,Most cultures have their own religious and community institutions that can be used similarly.,5,I found it very useful,None.  Thank you!,2,5,Learning about different problem solving and communication styles.,No
33,TRUE,443176,6,1-May,Homogenous,1,,,,,Help when stuck,,,,3,3,4,3,0.314053008,0.723956292,0.340755277,-0.327537411,1.206233646,-0.666783004,-0.719572893,0.867533159,0.16692711,3,4,4,5,4,1,4,White,United States ğŸ‡ºğŸ‡¸,38,United States ğŸ‡ºğŸ‡¸,0,No,Man,17,1,Less years of schooling,,10,0,,,For-profit (company),,"ğŸ’¼ Management, business, and finance",,,,,,,,,,,SVP Revenue - responsible for strategic alignment and growth,22,1,I mainly make decisions around our strategy and organizational development,5,4,5,5,5,5,"I am all in on vaccines - I would love to see how we can increase access, adoption, and monitoring. My parents are both 80+ immigrants and they are vaccinated now, but it was a challenging experience.",5,3,5,0,0,0,0,1,4,3,3,2,Group Member 1,Group Member 2,Group Member 3,,,Group Member 2,,,6,6,1,6,4,3,Conflict did not arise in our group,Conflict did not arise in our group,0,0,0,0,1,1,0,0,0,0,0,0,0,1,0,0,0,0,0,0,0,0,0,0,0,0,0,0,5,3,4,5,2,,5,I found it very useful,I really liked it and I have compared it to past tests to compare results - I found this helpful,5,5,I find it interesting and would like to participate more - I would enjoy a more challenging or expressive team,How to drive lager scale social impact funding
34,TRUE,443175,5,1-May,Homogenous,1,Your group's final solution to the Case Study was rated in the top 2 (out of 17 teams) by an expert panel.,Productive,,,Supportive,Listening,Help when stuck,"Our qualitative analysis found that you encouraged the group members to listen to each other's thoughts and opinons, helped others feel seen and heard, and acted as a good group mediator.",4,4,4,5,-0.281351994,0.091492534,0.363986069,-0.362207747,0.523802517,0.414071233,-0.17561668,0.788914272,-0.630128138,4,4,5,5,5,2,4.6,Asian,United States ğŸ‡ºğŸ‡¸,58,China ğŸ‡¨ğŸ‡³,1,Yes,Woman,23,2,Less years of schooling,Less years of schooling,10,1,Cantonese Chinese,Childhood (age 12 or younger),School,,,ğŸ–¥ï¸Computer and mathematical,,,,,,"ğŸ¨ Art, design, entertainment, sports, & media",,,,Media Technology Specialist,13,0,,5,5,5,5,5,5,"Though I have not yet been vaccinated due to qualification, I do believe it is the right step forward in our battle with the current pandemic. I do get frustrated that some people are anti-vaccine, especially when they are part of a larger community. I would like to better understand and possibly educate them about the benefits of being vaccinated.",4,2,4,1,1,1,1,1,5,5,2,2,Group Member 1,Group Member 2,Group Member 3,,Group Member 1,Group Member 2,Group Member 3,,5,5,1,5,5,1,,,0,1,1,1,1,0,0,1,0,0,0,1,0,0,1,0,1,0,0,1,1,1,0,1,1,1,0,0,6,4,6,6,5,Religion is the base of many cultures and has powerful influence over its followers. This is a large population to gain access to the vaccination goal.,5,I found it very useful,"Coming in with the knowledge that I am a ""group person"" makes me feel comfortable reaching out to members of my group, and be able to discuss openly about our ideas.",4,2,group thinking expands the possible of ideas!,Let's explore other topics!
35,TRUE,443173,3,1-May,Diverse,2,Your group's final solution to the Case Study was rated in the top 3 (out of 17 teams) by an expert panel.,Listen,,,,,,,2,2,4,2,0.690272315,-0.105463793,0.882028105,-0.648564941,1.138079228,-0.710630965,1.436841716,0.212450902,0.242034615,3,3,3,2,3,1,2.8,White,United States ğŸ‡ºğŸ‡¸,47,United States ğŸ‡ºğŸ‡¸,0,No,Woman,19,2,Less years of schooling,Less years of schooling,10,1,French,Adolescence/Adulthood (age 13 or older),Not-for-profit,,"ğŸ’¼ Management, business, and finance",,,,,,,"ğŸ¨ Art, design, entertainment, sports, & media",,,,"Director of Marketing nonprofit graduate school, community services, professional development, research",2,1,"strategy, innovation, new product",5,5,5,4,5,5,I eagerly await the rollout and want people to take it across all segments of population. I'm excited about how groups worked together on this,4,3,4,1,1,0,0,1,5,5,2,3,,Group Member 2,,,,,Group Member 3,,5,1,1,6,5,2,Conflict did not arise in our group,Conflict did not arise in our group,0,1,0,1,1,0,0,1,0,0,0,0,0,0,1,1,0,0,0,1,0,1,0,1,1,1,0,0,6,4,6,5,5,"we all live in communities and create bonds with like minded individuals, groups and settings. They influence our decisions, mind sets and ways of thinking",5,I found it somewhat useful,a bit different with just 2 of us,6,5,Collaboration; Innovation with cross-functional experts can open up new ideas; 30 minutes was very quick and we could have used more time,free preK
36,TRUE,443168,8,30-Apr,Homogenous,0,,Listen,Safety,,New ideas,,,Our qualitative analysis found that you supported the group by providing many new viewpoints to the case study discussion.,4,5,5,4,0.339149114,1.017961037,0.74390937,1.36159916,1.250770996,0.635587953,-0.231780469,-0.750203787,-1.226581547,5,5,4,4,4,1,4.4,African American,United States ğŸ‡ºğŸ‡¸,28,Kenya ğŸ‡°ğŸ‡ª,1,No,Woman,20,1,Less years of schooling,,9,1,Somali,Childhood (age 12 or younger),School,,,,,,ğŸ‘©â€ğŸ‘©â€ğŸ‘§ Community and social service,,,,,,,Diversity Initiatives coordinator,4,1,"hiring, strategy, training, development",5,5,5,5,5,5,"The vaccine is hope for many while is scary for others. There are many communities who do not trust the vaccine due to their past traumas with the medical community. For me, though we do not know if the vaccine the real cure for covid or not, I am thankful we are heading taking steps towards that direction. Direction of healing and gaining normalcy.",4,1,4,1,1,1,1,1,6,6,1,1,Group Member 1,Group Member 2,Group Member 3,,Group Member 1,Group Member 2,Group Member 3,,6,6,1,6,5,1,,,1,1,1,1,1,0,0,1,0,0,0,1,1,0,1,1,1,0,1,0,1,0,0,1,1,1,0,0,6,5,6,6,5,The solution promotes human connection and care.,5,I found it very useful,I was confused on what I was doing but it was fun at the same time.,6,5,Fun and engaging.,How to get away from two-party system and focus on what policies and systems that provide solutions to the country.
37,TRUE,4431610,10,30-Apr,Homogenous,1,,Ease of task,Listen,Productive,Supportive,Listening,,,5,5,5,5,0.694810938,-0.416151896,0.839984649,-1.394004766,0.594742872,-0.859119968,-0.425798806,0.765109691,-0.457346279,4,4,5,4,5,1,4.4,Asian American,United States ğŸ‡ºğŸ‡¸,47,United States ğŸ‡ºğŸ‡¸,0,No,Woman,23,2,Less years of schooling,Less years of schooling,10,0,,,School,,"ğŸ’¼ Management, business, and finance",,,,,,"ğŸ“– Education, training, and library",,,,,Senior Director of Educational Technology Services at the Harvard Business School. I lead teams who oversee technologies and services used to support teaching and learning at HBS.,8,1,"HR, strategy, leadership, economic",5,5,5,5,5,5,I am in favor of the vaccines but have been concerned at how it has rolled out.,4,2,4,1,1,0,1,1,5,5,3,3,,Group Member 2,Group Member 3,Group Member 4,,,,Group Member 4,5,5,2,6,5,3,Yes,Yes,1,1,0,1,1,0,0,1,0,0,0,0,0,0,0,0,1,0,1,0,0,0,0,1,1,0,0,0,6,3,6,5,4,Incentives and emotions can influence decision making no matter where one is located,5,I found it very useful,I agreed with the results and was made aware of some underlying traits that I was not fully aware of,6,6,This was very valuable excise to learn different options and ideas on critical topics.,How to manage miss-information in a socially media driven world.
38,TRUE,4431612,12,30-Apr,Homogenous,1,,,,,Supportive,Listening,,Our qualitative analysis found that you supported other group members' ideas and brought strong statistical and logical thinking to the group discussion.,4,5,4,4,2.415039077,-0.168879284,0.838993501,0.05039457,1.869632867,-0.439080401,-0.740043607,-1.167234221,-0.721489349,2,3,5,2,5,1,3.4,White American,United States ğŸ‡ºğŸ‡¸,56,United States ğŸ‡ºğŸ‡¸,0,Yes,Man,17,2,Less years of schooling,Less years of schooling,10,0,,,For-profit (company),,"ğŸ’¼ Management, business, and finance",ğŸ–¥ï¸Computer and mathematical,,,,,,,,,,CIO,25,1,"IT, Marketing",5,5,5,5,5,5,I will take it.   I rely on science.  My job focuses on helping companies return safely to the workplace so I will lead by example.,4,3,5,1,1,1,1,1,5,5,1,2,Group Member 1,Group Member 2,,Group Member 4,,,,Group Member 4,6,6,1,6,5,1,,,1,1,1,1,1,0,0,1,0,0,0,1,1,0,0,1,0,0,0,1,1,1,0,1,0,0,0,0,6,4,6,5,5,Social-economic status is a global paradigm,5,I found it very useful,None,6,6,"Diverse perspectives provide perspectives I do not have
Individual group members playing to their strengths","Diversity in the workplace
Racial Injustice"
39,TRUE,443177,7,1-May,Homogenous,2,,Ease of task,Listen,Productive,Supportive,,,Our qualitative analysis found that your group was efficient and successfully incorporated different members' ideas into your final solution.,5,5,5,4,0.120880493,0.365678361,0.997621735,0.122021839,0.745615822,0.47465577,-0.248241969,0.908263366,0.025064302,2,2,4,2,4,1,2.8,W,Canada ğŸ‡¨ğŸ‡¦,39,Iran ğŸ‡®ğŸ‡·,1,No,Woman,23,2,Less years of schooling,Less years of schooling,8,1,Farsi (Persian),Childhood (age 12 or younger),School,,,,âš™ï¸Architecture and engineering,,,,"ğŸ“– Education, training, and library",,,,,Teaching Assistant and Ph.D. Candidate in Chemical and Petroleum Engineering.,5,0,,4,4,5,5,5,4,I believe COVID-19 vaccine is one of the most promising ways to take humanity out of this situation. I hope statistics and data analysis soon show the true rate of success and the associated risks.,5,3,5,1,1,0,0,1,2,2,1,2,Group Member 1,Group Member 2,Group Member 3,,,Group Member 2,,,5,5,1,5,5,1,,,0,1,0,1,1,0,0,1,0,0,0,0,0,1,0,0,1,0,0,1,1,1,0,1,0,0,0,0,6,4,6,6,4,Convincing adults to have their kids vaccinated is a global concern. And their are skeptics the world over. Using influencers in grass roots settings can work in any country,5,I found it somewhat useful,No feedback,1,4,"1) interesting experiment
2) didnâ€™t feel as diverse in thought as I had expected (we all had similar thoughts)
3)",No feedback
40,TRUE,443162,2,30-Apr,Diverse,1,,Safety,Ease of task,,Help when stuck,Listening,,Our qualitative analysis found that you built off of what other group members previously mentioned and contibuted to a collaborative group dynamic.,5,5,4,3,2.069144365,-0.778006785,0.089566034,-0.274319793,1.967614772,-1.032116406,-0.918040391,1.018755698,0.059705666,3,4,3,4,4,2,3.6,Caucasian,United States ğŸ‡ºğŸ‡¸,61,United States ğŸ‡ºğŸ‡¸,0,No,Man,20,2,Equal years of schooling,Equal years of schooling,10,0,,,Self-employed,,"ğŸ’¼ Management, business, and finance",,,,,,"ğŸ“– Education, training, and library",,,,,Managing Partner,15,1,It is my business... so all of it ;-),4,5,4,5,4,4,Waiting... but ready.  Not obsessive as I have gotten out plenty and manage risks daily for work and in my personal life...,5,3,5,0,0,0,0,1,6,6,1,1,Group Member 1,Group Member 2,Group Member 3,,Group Member 1,,Group Member 3,,6,6,1,6,5,2,Yes,Yes,0,1,0,1,1,0,0,1,0,0,0,1,1,0,1,1,1,0,0,1,1,1,0,1,1,1,0,0,6,5,6,6,5,"It decentralizes the domain of trust and relies on local methods, reputation, and appeal to reach vast numbers of individuals quickly.",5,I found it very useful,It was insightful and affirming of how I think and operate. I did find that some of the questions are contextual. I approached each from a business perspective and could see the outcome changing with more context or situational knowledge.,6,5,"People of diverse backgrounds, knowledge, and skills can come together rapidly to solve problems.","Skills Gap
Broadband Access - Digital Divide"
41,TRUE,443176,6,1-May,Homogenous,1,,,,,New ideas,,,,3,3,4,3,1.402888348,-0.266736335,0.799638033,-0.814240114,0.975875634,-1.09913613,-0.340189194,0.988093022,-0.076663099,4,3,2,2,2,1,2.6,White,United States ğŸ‡ºğŸ‡¸,49,United States ğŸ‡ºğŸ‡¸,0,No,Man,18,2,Less years of schooling,Less years of schooling,10,1,"Serbo-croatian, Czech, Slovak",Adolescence/Adulthood (age 13 or older),Government,,"ğŸ’¼ Management, business, and finance",,,,,,,,,,,Strategist,26,1,"Develop and implement strategic solutions, communications, and outreach",1,4,5,5,5,5,Overall I would say I am curious and conflicted about the COVID-19 vaccination. Many facets to the issue including individual rights versus societal good; efficacy rates and side effects; politicization of the issue; and international competition and narratives surrounding vaccine development and administration.,5,3,5,1,1,1,1,1,5,5,2,2,Group Member 1,Group Member 2,Group Member 3,,,Group Member 2,,,6,5,1,6,5,1,,,0,1,0,1,0,0,0,1,0,0,0,0,0,1,0,0,1,0,0,1,0,0,0,1,0,1,0,0,6,4,6,5,4,"Because other countries can offer similar incentive coupons and most everywhere uses social media now, so people anywhere can post their vaccination posts and get incentive coupons.",5,I found it minimally useful,"It was interesting, someone in our group already knew the answer, which I may not have come up with as easily",3,5,"Working together as a group on this was engaging and interesting, It was interesting to hear everyone's different perspectives",How to help solve the global crisis of environmental devastation
42,TRUE,443169,9,30-Apr,Homogenous,2,,,,,New ideas,Help when stuck,,"Our qualitative analysis found that you helped the team move through the problem solving in moments of impasse and contributed to the group's focus. One area of growth was active listening in order to create an open, inclusive atmosphere for thought exchange among team members.",4,4,5,5,1.679839785,-0.223249831,0.636071268,-0.087152282,0.374198449,0.322671746,0.443741495,-1.358077513,0.551106965,5,5,4,5,4,3,4.6,White American,United States ğŸ‡ºğŸ‡¸,42,United States ğŸ‡ºğŸ‡¸,0,No,Man,17,2,Less years of schooling,Less years of schooling,10,0,,,Self-employed,,"ğŸ’¼ Management, business, and finance",,,"ğŸ”¬Life, physics, and social sciences",,,,,,,,Head of Business Development,1,1,"Strategy, marketing",5,5,5,5,5,4,I feel they are generally safe and the use of vaccines at a critical mass will dramatically reduce the number of deaths and severe side effects from people getting infected from Covid,5,3,5,0,0,0,0,1,5,4,5,5,Group Member 1,Group Member 2,Group Member 3,,Group Member 1,,,,6,5,3,5,4,4,Yes,Yes,1,1,0,0,0,0,0,0,1,1,0,0,0,0,0,0,1,1,0,0,0,0,0,1,0,1,0,0,6,4,5,5,5,Our solution targets the businesses that make up our day to day functions,5,I found it somewhat useful,"I was not thinking about the results of that assessment until mentioned here, in the recap survey.  I think the results would have been more impactful if that conversation had been had before beginning this exercise. I also think that the short time frame gives very different answers as opposed to an ongoing innovation campaign executed over time",4,4,Amount of time and creating context are critical.  Smaller steps help people focus.,"Misinformation, What individuals can do for systemic racism"
43,TRUE,4431612,12,30-Apr,Homogenous,1,,,,,New ideas,Help when stuck,,Our qualitative analysis found that you took initiative in leading conversation and provided direction for the group discussion.,4,5,4,4,1.150301335,-0.650224129,0.067141074,0.806966438,0.234408511,-0.253282167,1.208827243,0.541353614,0.580954957,5,5,4,5,4,1,4.6,African American,United States ğŸ‡ºğŸ‡¸,44,United States ğŸ‡ºğŸ‡¸,0,No,Man,15,2,Less years of schooling,Less years of schooling,10,0,,,"Health care (e.g. hospital, clinic, private practice)",,"ğŸ’¼ Management, business, and finance",,,,,,,,,,,Global Sr. Director Franchise Leader for Essential Health,1,1,"Strategy & Development, Life Cycle Management, Global New Product Development, Hiring",5,5,5,5,5,5,Working for Johnson and Johnson has afforded me the opportunity to be well educated in the support of the vaccine and the immunology process.,5,3,5,0,0,0,0,1,6,5,1,3,,,Group Member 3,,Group Member 1,Group Member 2,Group Member 3,,5,3,1,6,5,1,,,0,1,1,1,1,0,0,1,0,0,0,1,1,0,0,1,1,0,0,1,1,1,0,1,1,1,0,0,6,4,6,6,4,This solution will be scalable should it be modeled to develop communications that target the needs of different social economic groups.,5,I found it very useful,Very good assessment. Some surprises that made me look at how I think differently.,2,6,When a group of high level thinkers are put in a space without prior knowledge can work cohesively to solve a common problem.,How do we help people understand what a healthy life means.
44,TRUE,443175,5,1-May,Homogenous,1,Your group's final solution to the Case Study was rated in the top 2 (out of 17 teams) by an expert panel.,Productive,,,New ideas,,,"Our qualitative analysis found that you brought outside-the-box thinking to the team. We found that you spoke thoroughly about the different stakeholder groups with historical, racial, and cultural implications in vaccine hesitancy.",4,4,4,5,0.299534609,-0.567368886,0.911394419,-0.82621696,0.123202493,-0.762704294,0.410777004,0.873646538,-0.312780306,5,4,4,3,4,3,4,Black/White,United States ğŸ‡ºğŸ‡¸,41,United States ğŸ‡ºğŸ‡¸,0,No,Woman,23,1,Less years of schooling,,10,0,,,Government,,"ğŸ’¼ Management, business, and finance",ğŸ–¥ï¸Computer and mathematical,,,,,,,,,,Critical Infrastructure Research Group Lead,2,1,"Strategy, budget, research topics, partnerships, engagemenr",5,5,5,5,5,5,I am a firm supporter in vaccination. I've had my first dose and am scheduled for the second.,3,2,4,1,0,0,0,0,5,5,3,3,,Group Member 2,Group Member 3,,Group Member 1,,,,6,5,3,5,4,2,Yes,Yes,0,1,0,1,1,0,0,1,0,0,0,0,0,0,0,0,1,0,0,0,0,1,0,1,0,1,0,0,5,4,6,5,4,It is based on partnerships within local communities. Those can be tailored to fit any type of community in the US or abroad.,5,I found it somewhat useful,I thought the assessment was interesting and a different experience than the Myers-Briggs assessment.,2,5,"It is always beneficial to look for win-win solutions. If you provide value to others and it is beneficial to you/your organization, that is the best possible solution.","I would love to see Forbes Ignite look at ways to explore solutions to systemic racism, glass ceilings for women, and the lack of women and certain minorities in STEM."
45,TRUE,443167,7,30-Apr,Diverse,2,Your group's final solution to the Case Study was rated in the top 4 (out of 17 teams) by an expert panel.,Ease of task,,,New ideas,Supportive,,Our qualitative analysis found that you were able to use the diversity of your group's professional backgrounds to the group's advantage in formulating a solution. ,5,5,1,4,0.414165488,-0.005913428,0.903947211,-0.54954305,0.203894707,-0.544890414,-0.848160639,0.903953919,1.852644972,5,5,5,3,4,2,4.4,African American,United States ğŸ‡ºğŸ‡¸,24,United States ğŸ‡ºğŸ‡¸,0,No,Man,17,2,Less years of schooling,Less years of schooling,10,0,,,For-profit (company),,"ğŸ’¼ Management, business, and finance",,,,,,,,,,,Head of Product,17,1,Strategic product decisions,5,5,5,5,5,5,I believe the vaccine is nearly as safe as most vaccines that come to market due to the focus and enormous amount of resources aimed on it. Distribution has been slow but I plan to receive it when it is made available as it should be much safer than contracting the virus itself.,5,3,4,0,0,0,0,1,6,6,2,2,,Group Member 2,Group Member 3,,,Group Member 2,Group Member 3,,6,6,1,6,5,1,,,1,1,0,1,1,0,0,1,0,0,0,1,1,0,0,1,1,0,0,1,1,1,0,1,1,1,0,"Analytical, Creative",6,4,6,5,4,"The core elements (grassroots movement starting in local communities and gamification/use of social media) are applicable to other countries, though there may be cultural adjustments that need to be made",5,I found it somewhat useful,I had never heard of it before and it was a fun assessment to take. I'd like to learn more about how the results can be applied to make me a stronger teammate if/when I don't know the thinking styles of others that I am working with. I would also like to understand what areas are opportunities for improvement and personal or professional development/growth.,6,6,It takes a lot of less-than-good ideas to come up with one good idea. Understanding the challenges/opposition is important to finding a solution.,"If it hasn't already been explored, I think a similar session on voting and civic engagement would be very interesting. I also think that research around majority-minority interactions with respect to race/ethnicity, sexuality and gender identity, and socioeconomic status could help address problematic tensions in the US."
46,TRUE,443164,4,30-Apr,Diverse,2,Your group's final solution to the Case Study was rated in the top 4 (out of 17 teams) by an expert panel.,Ease of task,,,Supportive,Help when stuck,Listening,,4,3,2,2,0.663477605,0.011167333,0.176227853,-1.408275761,0.454643533,-0.648869513,1.365374851,0.825561114,1.048908647,2,3,4,4,4,1,3.4,Caucasian,United States ğŸ‡ºğŸ‡¸,34,United States ğŸ‡ºğŸ‡¸,0,No,Man,20,0,,,10,0,,,For-profit (company),,,ğŸ–¥ï¸Computer and mathematical,,,,,,,ğŸ¥ Healthcare practitioners and technicians,,,Chief Innovation Officer,1,1,strategy,5,5,5,5,5,5,its our social responsibility and greatest good to eradicate this virus,5,3,5,0,0,0,0,1,6,6,1,1,Group Member 1,,Group Member 3,,Group Member 1,Group Member 2,Group Member 3,,5,6,2,6,5,1,,,1,1,0,1,1,0,0,1,0,0,0,0,0,0,1,1,1,0,0,0,1,0,0,1,0,0,0,0,6,4,6,6,3,,5,I found it very useful,Pretty interesting,5,5,1. Interesting to listen to other's point of view,Waste and recycling
47,FALSE,,,,,,,,,,,,,,,,,,1.833802147,-0.54327239,0.336531759,-0.262958824,1.045460658,-0.098865216,2.466441585,-0.828095959,1.147925867,,,,,,,,,,,,,,,,,,,,,,,,,,,,,,,,,,,,,,,,,,,,,,,,,,,,,,,,,,,,,,,,,,,,,,,,,,,,,,,,,,,,,,,,,,,,,,,,,,,,,,,,,,,,,,,,,,,
48,FALSE,,,,,,,,,,,,,,,,,,-0.202498448,-0.435005725,-0.616546337,-1.092146093,-0.152126958,-1.063117873,0.881889139,-1.16098307,-0.127508744,,,,,,,,,,,,,,,,,,,,,,,,,,,,,,,,,,,,,,,,,,,,,,,,,,,,,,,,,,,,,,,,,,,,,,,,,,,,,,,,,,,,,,,,,,,,,,,,,,,,,,,,,,,,,,,,,,,
49,FALSE,,,,,,,,,,,,,,,,,,-0.562932091,0.314756191,-0.400764172,-0.535183267,-1.060861877,-0.103829886,1.202382777,-1.284683621,-0.373429336,,,,,,,,,,,,,,,,,,,,,,,,,,,,,,,,,,,,,,,,,,,,,,,,,,,,,,,,,,,,,,,,,,,,,,,,,,,,,,,,,,,,,,,,,,,,,,,,,,,,,,,,,,,,,,,,,,,
50,FALSE,,,,,,,,,,,,,,,,,,0.346240532,0.215588041,-1.073286132,-0.505851889,0.114794577,-0.810077065,-0.324321967,0.879713062,0.486008388,,,,,,,,,,,,,,,,,,,,,,,,,,,,,,,,,,,,,,,,,,,,,,,,,,,,,,,,,,,,,,,,,,,,,,,,,,,,,,,,,,,,,,,,,,,,,,,,,,,,,,,,,,,,,,,,,,,
51,FALSE,,,,,,,,,,,,,,,,,,0.350648209,-0.414240867,0.682588612,0.200512147,-1.359851236,-0.5593702,-0.202538764,0.849383199,-0.680000111,,,,,,,,,,,,,,,,,,,,,,,,,,,,,,,,,,,,,,,,,,,,,,,,,,,,,,,,,,,,,,,,,,,,,,,,,,,,,,,,,,,,,,,,,,,,,,,,,,,,,,,,,,,,,,,,,,,
52,FALSE,,,,,,,,,,,,,,,,,,1.132009243,-0.681439111,-1.027733964,-0.380442371,1.023732423,-0.996266703,-0.658995574,0.589218312,0.964512579,,,,,,,,,,,,,,,,,,,,,,,,,,,,,,,,,,,,,,,,,,,,,,,,,,,,,,,,,,,,,,,,,,,,,,,,,,,,,,,,,,,,,,,,,,,,,,,,,,,,,,,,,,,,,,,,,,,
53,FALSE,,,,,,,,,,,,,,,,,,0.205205445,-0.305585288,0.538790478,0.058868577,1.668285317,-0.187103799,0.886275364,0.882043692,-0.605874255,,,,,,,,,,,,,,,,,,,,,,,,,,,,,,,,,,,,,,,,,,,,,,,,,,,,,,,,,,,,,,,,,,,,,,,,,,,,,,,,,,,,,,,,,,,,,,,,,,,,,,,,,,,,,,,,,,,
54,FALSE,,,,,,,,,,,,,,,,,,0.644156003,-0.478123185,1.023525098,-0.659051807,0.991569646,-0.730276411,0.867363637,0.848413674,0.916490155,,,,,,,,,,,,,,,,,,,,,,,,,,,,,,,,,,,,,,,,,,,,,,,,,,,,,,,,,,,,,,,,,,,,,,,,,,,,,,,,,,,,,,,,,,,,,,,,,,,,,,,,,,,,,,,,,,,
55,FALSE,,,,,,,,,,,,,,,,,,0.244399413,-0.60553643,-0.174919021,0.064944528,0.049670544,-1.217890078,-1.137815366,0.839031138,-0.423642649,,,,,,,,,,,,,,,,,,,,,,,,,,,,,,,,,,,,,,,,,,,,,,,,,,,,,,,,,,,,,,,,,,,,,,,,,,,,,,,,,,,,,,,,,,,,,,,,,,,,,,,,,,,,,,,,,,,
56,FALSE,,,,,,,,,,,,,,,,,,0.441134349,-2.809674397,0.21151682,-0.768560256,0.404768667,0.668733099,-1.255590015,-0.040433531,-0.925607431,,,,,,,,,,,,,,,,,,,,,,,,,,,,,,,,,,,,,,,,,,,,,,,,,,,,,,,,,,,,,,,,,,,,,,,,,,,,,,,,,,,,,,,,,,,,,,,,,,,,,,,,,,,,,,,,,,,
57,FALSE,,,,,,,,,,,,,,,,,,0.366618061,-0.249683051,0.008308287,0.423224327,-0.119461362,-0.000135651,1.616848827,0.467298329,-0.70910344,,,,,,,,,,,,,,,,,,,,,,,,,,,,,,,,,,,,,,,,,,,,,,,,,,,,,,,,,,,,,,,,,,,,,,,,,,,,,,,,,,,,,,,,,,,,,,,,,,,,,,,,,,,,,,,,,,,
58,FALSE,,,,,,,,,,,,,,,,,,0.194505723,1.647042835,0.140852568,-0.09307831,-1.193835177,0.356229572,0.3827809,0.123816034,-0.624369854,,,,,,,,,,,,,,,,,,,,,,,,,,,,,,,,,,,,,,,,,,,,,,,,,,,,,,,,,,,,,,,,,,,,,,,,,,,,,,,,,,,,,,,,,,,,,,,,,,,,,,,,,,,,,,,,,,,
59,FALSE,,,,,,,,,,,,,,,,,,-0.85875143,-0.871925001,-1.173290324,0.441962413,-0.211100501,0.141928868,1.164466677,0.697464383,-0.858258511,,,,,,,,,,,,,,,,,,,,,,,,,,,,,,,,,,,,,,,,,,,,,,,,,,,,,,,,,,,,,,,,,,,,,,,,,,,,,,,,,,,,,,,,,,,,,,,,,,,,,,,,,,,,,,,,,,,
60,FALSE,,,,,,,,,,,,,,,,,,0.362647433,-0.608806765,0.042227402,-1.063467655,-0.221824507,-0.48345345,-1.879824446,0.471047384,-0.534968069,,,,,,,,,,,,,,,,,,,,,,,,,,,,,,,,,,,,,,,,,,,,,,,,,,,,,,,,,,,,,,,,,,,,,,,,,,,,,,,,,,,,,,,,,,,,,,,,,,,,,,,,,,,,,,,,,,,
61,FALSE,,,,,,,,,,,,,,,,,,2.104148345,0.272365379,0.508775509,-0.338445074,0.209599642,-0.067826267,0.308745917,0.897386214,-0.335420263,,,,,,,,,,,,,,,,,,,,,,,,,,,,,,,,,,,,,,,,,,,,,,,,,,,,,,,,,,,,,,,,,,,,,,,,,,,,,,,,,,,,,,,,,,,,,,,,,,,,,,,,,,,,,,,,,,,
62,FALSE,,,,,,,,,,,,,,,,,,-1.665152875,-0.817766412,-1.369307969,0.116572256,1.049288272,0.801708168,-0.240174711,0.140988819,0.551899873,,,,,,,,,,,,,,,,,,,,,,,,,,,,,,,,,,,,,,,,,,,,,,,,,,,,,,,,,,,,,,,,,,,,,,,,,,,,,,,,,,,,,,,,,,,,,,,,,,,,,,,,,,,,,,,,,,,
63,FALSE,,,,,,,,,,,,,,,,,,1.346719447,-0.689731017,0.459776033,-0.352642084,0.107887248,-0.51890294,0.638509458,0.734114135,-0.953615488,,,,,,,,,,,,,,,,,,,,,,,,,,,,,,,,,,,,,,,,,,,,,,,,,,,,,,,,,,,,,,,,,,,,,,,,,,,,,,,,,,,,,,,,,,,,,,,,,,,,,,,,,,,,,,,,,,,
64,FALSE,,,,,,,,,,,,,,,,,,0.253379935,-0.328421277,0.573478275,-0.485783282,2.063100281,0.897625379,3.557609856,-0.904356277,-0.215977384,,,,,,,,,,,,,,,,,,,,,,,,,,,,,,,,,,,,,,,,,,,,,,,,,,,,,,,,,,,,,,,,,,,,,,,,,,,,,,,,,,,,,,,,,,,,,,,,,,,,,,,,,,,,,,,,,,,
65,FALSE,,,,,,,,,,,,,,,,,,0.453155095,2.669652011,0.497594194,-0.093305067,0.825785404,1.651605908,1.047829937,0.900255749,0.14693206,,,,,,,,,,,,,,,,,,,,,,,,,,,,,,,,,,,,,,,,,,,,,,,,,,,,,,,,,,,,,,,,,,,,,,,,,,,,,,,,,,,,,,,,,,,,,,,,,,,,,,,,,,,,,,,,,,,
66,FALSE,,,,,,,,,,,,,,,,,,0.35589021,-1.384837042,0.716789003,-0.539542838,1.241705581,0.511030891,-0.840856422,0.950284644,1.85943596,,,,,,,,,,,,,,,,,,,,,,,,,,,,,,,,,,,,,,,,,,,,,,,,,,,,,,,,,,,,,,,,,,,,,,,,,,,,,,,,,,,,,,,,,,,,,,,,,,,,,,,,,,,,,,,,,,,
67,FALSE,,,,,,,,,,,,,,,,,,1.262721542,-0.855633841,-0.219979036,0.266253553,-0.590179086,-1.135828498,-1.992546715,0.033866498,-1.152730369,,,,,,,,,,,,,,,,,,,,,,,,,,,,,,,,,,,,,,,,,,,,,,,,,,,,,,,,,,,,,,,,,,,,,,,,,,,,,,,,,,,,,,,,,,,,,,,,,,,,,,,,,,,,,,,,,,,
68,FALSE,,,,,,,,,,,,,,,,,,0.636894938,0.274968922,0.283152028,-0.093048218,-0.670505456,-0.547196159,1.147849113,0.390025586,0.529738663,,,,,,,,,,,,,,,,,,,,,,,,,,,,,,,,,,,,,,,,,,,,,,,,,,,,,,,,,,,,,,,,,,,,,,,,,,,,,,,,,,,,,,,,,,,,,,,,,,,,,,,,,,,,,,,,,,,
69,FALSE,,,,,,,,,,,,,,,,,,0.823929942,0.013505499,0.79700178,-0.251440702,0.270286009,-0.86846362,1.459023765,-0.325114092,0.389603519,,,,,,,,,,,,,,,,,,,,,,,,,,,,,,,,,,,,,,,,,,,,,,,,,,,,,,,,,,,,,,,,,,,,,,,,,,,,,,,,,,,,,,,,,,,,,,,,,,,,,,,,,,,,,,,,,,,
70,FALSE,,,,,,,,,,,,,,,,,,0.154257704,0.976083067,1.119483425,-0.520388869,-0.068768288,-0.446401903,-0.387517724,-0.722300113,-0.346937268,,,,,,,,,,,,,,,,,,,,,,,,,,,,,,,,,,,,,,,,,,,,,,,,,,,,,,,,,,,,,,,,,,,,,,,,,,,,,,,,,,,,,,,,,,,,,,,,,,,,,,,,,,,,,,,,,,,